label,id_a,id_b,title_a,title_b,source_a,source_b,location,age_gap_hours,jaccard_best,jaccard_by,cosine
hard_positive,421814,421978,Bebuling STOLPort’s trial flight paves way for commercial flights,Old Batang Layar Bridge expected to reopen tomorrow (Sept 19) after two-week closure,Sarawak Tribune,Dayakdaily,betong,2.0,0.044,ai_summary,0.7066
hard_positive,421596,421814,Bebuling Airport marks milestone with first aircraft landing,Bebuling STOLPort’s trial flight paves way for commercial flights,Dayakdaily,Sarawak Tribune,betong,3.0,0.137,body,0.7901
hard_positive,421569,422148,"21,000 expected as Betong hosts Sarawak-level National Sports Day 2026 from Oct 16-18",General : Bebuling STOLport Commercial Flights Yet To Begin - Sarawak Deputy Premier,Dayakdaily,Bernama,betong,8.0,0.086,body,0.7543
hard_positive,423342,423533,"Clearer skies, better roads pave way for Sarawakku Sayang programme in Betong from Sept 25",Uggah calls for cost review of 17 rural homes,Dayakdaily,Sarawak Tribune,betong,2.7,0.122,body,0.7085
hard_positive,421978,422148,Old Batang Layar Bridge expected to reopen tomorrow (Sept 19) after two-week closure,General : Bebuling STOLport Commercial Flights Yet To Begin - Sarawak Deputy Premier,Dayakdaily,Bernama,betong,2.7,0.04,ai_summary,0.8021
hard_positive,419974,421814,Minister: Sarawak crucial to moving Malaysia’s pepper industry up value chain,Bebuling STOLPort’s trial flight paves way for commercial flights,Dayakdaily,Sarawak Tribune,betong,22.7,0.05,body,0.673
hard_positive,419824,423342,"General : Pepper Industry Needs To Shift From Pursuing Production Increase To Quality, Say","Clearer skies, better roads pave way for Sarawakku Sayang programme in Betong from Sept 25",Bernama,Dayakdaily,betong,47.3,0.043,body,0.7517
hard_positive,421569,423532,"21,000 expected as Betong hosts Sarawak-level National Sports Day 2026 from Oct 16-18","Sarawakku Sayang targets 115,000 visitors in Betong",Dayakdaily,Sarawak Tribune,betong,29.0,0.127,body,0.8757
hard_positive,421596,423533,Bebuling Airport marks milestone with first aircraft landing,Uggah calls for cost review of 17 rural homes,Dayakdaily,Sarawak Tribune,betong,28.7,0.071,body,0.669
hard_positive,422148,423342,General : Bebuling STOLport Commercial Flights Yet To Begin - Sarawak Deputy Premier,"Clearer skies, better roads pave way for Sarawakku Sayang programme in Betong from Sept 25",Bernama,Dayakdaily,betong,18.3,0.089,body,0.7931
hard_positive,421569,423533,"21,000 expected as Betong hosts Sarawak-level National Sports Day 2026 from Oct 16-18",Uggah calls for cost review of 17 rural homes,Dayakdaily,Sarawak Tribune,betong,29.0,0.045,body,0.6913
hard_positive,421814,423342,Bebuling STOLPort’s trial flight paves way for commercial flights,"Clearer skies, better roads pave way for Sarawakku Sayang programme in Betong from Sept 25",Sarawak Tribune,Dayakdaily,betong,23.0,0.111,body,0.7835
hard_positive,419824,421569,"General : Pepper Industry Needs To Shift From Pursuing Production Increase To Quality, Say","21,000 expected as Betong hosts Sarawak-level National Sports Day 2026 from Oct 16-18",Bernama,Dayakdaily,betong,21.0,0.056,body,0.6788
hard_positive,421596,423532,Bebuling Airport marks milestone with first aircraft landing,"Sarawakku Sayang targets 115,000 visitors in Betong",Dayakdaily,Sarawak Tribune,betong,28.7,0.056,body,0.7271
hard_positive,417745,419723,Pelabuhan Bintulu diserah secara rasmi kepada Kerajaan Negeri Sarawak,Bintulu Port Sdn Bhd appointed Bintulu Port operator for 30 years,Berita RTM,Dayakdaily,bintulu,19.4,0.104,ai_summary,0.7068
hard_positive,415495,415598,‘Tofu cat litter’ parcels turn out to be RM4 mln meth haul,"Ingatkan 'tofu cat litter,' rupanya syabu lebih RM4 juta",Sarawak Tribune,Hmetro,bintulu,1.4,0.348,ai_summary,0.8963
hard_positive,415439,415495,JKDM Sarawak gagalkan cubaan edar syabu lebih 80 kilogram,‘Tofu cat litter’ parcels turn out to be RM4 mln meth haul,Berita RTM,Sarawak Tribune,bintulu,1.0,0.148,ai_summary,0.8055
hard_positive,413883,416158,4yo boy hurt in morning crash near Kampung Assyakirin in Bintulu,"General : AirAsia Will Resume KK-Bintulu, KK-Sibu Direct Flights In November -- Tiong",Dayakdaily,Bernama,bintulu,34.3,0.056,title,0.6648
hard_positive,413523,415293,Suicide scare turns out to be lovers’ spat,‘Cat litter’ disguise blown as 80.35kg syabu haul worth RM4 mln seized in Bintulu,Sarawak Tribune,Dayakdaily,bintulu,27.3,0.079,body,0.6695
hard_positive,415588,417836,"KK flights to Bintulu, Sibu to resume in November","Business : Anwar, Abang Johari Witness Official Handover Of Bintulu Port To Sarawak",Sarawak Tribune,Bernama,bintulu,27.7,0.072,body,0.7528
hard_positive,415599,419796,"AirAsia to resume direct flights connecting KK with Bintulu, Sibu in Nov",BPHB unit appointed Bintulu Port operator for 30 years,Dayakdaily,Malaymail,bintulu,46.7,0.071,title,0.6947
hard_positive,419723,419796,Bintulu Port Sdn Bhd appointed Bintulu Port operator for 30 years,BPHB unit appointed Bintulu Port operator for 30 years,Dayakdaily,Malaymail,bintulu,0.9,0.556,title,0.9566
hard_positive,427712,427809,From gas to clothes: Sarawak eyes USD1 billion plant in Bintulu,Bintulu’s USD1-billion downstream venture could extend into ‘Made in Sarawak’ textiles,Dayakdaily,Sarawak Tribune,bintulu,2.3,0.43,body,0.8744
hard_positive,417672,419275,Bintulu Port officially transitions from federal to Sarawak port,"Anwar, Abang Johari witness Bintulu Port handover to Sarawak",Sarawak Tribune,Malaymail,bintulu,14.7,0.442,body,0.9318
hard_positive,415495,415599,‘Tofu cat litter’ parcels turn out to be RM4 mln meth haul,"AirAsia to resume direct flights connecting KK with Bintulu, Sibu in Nov",Sarawak Tribune,Dayakdaily,bintulu,1.4,0.027,ai_summary,0.6497
hard_positive,415293,415598,‘Cat litter’ disguise blown as 80.35kg syabu haul worth RM4 mln seized in Bintulu,"Ingatkan 'tofu cat litter,' rupanya syabu lebih RM4 juta",Dayakdaily,Hmetro,bintulu,4.3,0.235,title,0.8632
hard_positive,415599,417745,"AirAsia to resume direct flights connecting KK with Bintulu, Sibu in Nov",Pelabuhan Bintulu diserah secara rasmi kepada Kerajaan Negeri Sarawak,Dayakdaily,Berita RTM,bintulu,26.3,0.062,title,0.6754
hard_positive,413883,415661,4yo boy hurt in morning crash near Kampung Assyakirin in Bintulu,Cubaan seludup 80.35kg syabu bernilai RM4.01 juta digagalkan,Dayakdaily,Buletin TV3,bintulu,28.3,0.012,body,0.6264
hard_positive,426113,426550,19 kawasan catat IPU tidak sihat pagi ini,17 kawasan kekal catat IPU tidak sihat,Berita RTM,Buletin TV3,kapit,7.3,0.625,title,0.9236
hard_positive,426456,426496,"Malaysia’s air quality improves slightly, but Kapit and Serian remain shrouded in haze",General : Haze: Unhealthy Air Quality Recorded In 17 Areas As Of 4pm,Malaymail,Bernama,kapit,0.7,0.2,body,0.7666
hard_positive,426113,426456,19 kawasan catat IPU tidak sihat pagi ini,"Malaysia’s air quality improves slightly, but Kapit and Serian remain shrouded in haze",Berita RTM,Malaymail,kapit,6.0,0.083,body,0.675
hard_positive,405306,405480,Operasi SAR lelaki dikhuatiri hilang dalam hutan di Song diteruskan hari ini,Kapit welcomes proposed new DUN Melekun seat,Berita RTM,Sarawak Tribune,kapit,2.3,0.019,body,0.6307
hard_positive,426113,426496,19 kawasan catat IPU tidak sihat pagi ini,General : Haze: Unhealthy Air Quality Recorded In 17 Areas As Of 4pm,Berita RTM,Bernama,kapit,6.7,0.071,body,0.7334
hard_positive,426496,426558,General : Haze: Unhealthy Air Quality Recorded In 17 Areas As Of 4pm,"RM351,000 allocated to Bukit Goram communities",Bernama,Sarawak Tribune,kapit,1.0,0.034,body,0.6884
hard_positive,426456,426550,"Malaysia’s air quality improves slightly, but Kapit and Serian remain shrouded in haze",17 kawasan kekal catat IPU tidak sihat,Malaymail,Buletin TV3,kapit,1.4,0.078,body,0.689
hard_positive,424908,426496,Kapit Pickleball Challenge 2026 marks significant milestone in local sports development,General : Haze: Unhealthy Air Quality Recorded In 17 Areas As Of 4pm,Sarawak Tribune,Bernama,kapit,28.3,0.016,body,0.6723
hard_positive,426456,426558,"Malaysia’s air quality improves slightly, but Kapit and Serian remain shrouded in haze","RM351,000 allocated to Bukit Goram communities",Malaymail,Sarawak Tribune,kapit,1.7,0.039,body,0.6642
hard_positive,424908,426550,Kapit Pickleball Challenge 2026 marks significant milestone in local sports development,17 kawasan kekal catat IPU tidak sihat,Sarawak Tribune,Buletin TV3,kapit,29.0,0.012,body,0.6779
hard_positive,424908,426113,Kapit Pickleball Challenge 2026 marks significant milestone in local sports development,19 kawasan catat IPU tidak sihat pagi ini,Sarawak Tribune,Berita RTM,kapit,21.7,0.013,body,0.6835
hard_positive,426550,426558,17 kawasan kekal catat IPU tidak sihat,"RM351,000 allocated to Bukit Goram communities",Buletin TV3,Sarawak Tribune,kapit,0.3,0.013,body,0.724
hard_positive,424908,426456,Kapit Pickleball Challenge 2026 marks significant milestone in local sports development,"Malaysia’s air quality improves slightly, but Kapit and Serian remain shrouded in haze",Sarawak Tribune,Malaymail,kapit,27.7,0.053,title,0.6831
hard_positive,426496,426550,General : Haze: Unhealthy Air Quality Recorded In 17 Areas As Of 4pm,17 kawasan kekal catat IPU tidak sihat,Bernama,Buletin TV3,kapit,0.7,0.086,body,0.7343
hard_positive,426758,426766,Rubiah: Better infrastructure key to pineapple growth,Teen nabbed with 20 rolls of cable after police spot burning wires,Sarawak Tribune,Dayakdaily,kota samarahan,0.0,0.04,body,0.5926
hard_positive,429010,430813,"SMK Sri Samarahan set to open doors this Oct, offering comfortable, safer learning environ",Tujuh kawasan catat IPU tidak sihat setakat 8 pagi,Dayakdaily,Berita RTM,kota samarahan,43.0,0.021,body,0.7426
hard_positive,426758,426764,Rubiah: Better infrastructure key to pineapple growth,"Better roads, processing facilities sought to boost Sungai Mata pineapple industry",Sarawak Tribune,Dayakdaily,kota samarahan,0.0,0.317,body,0.9055
hard_positive,430923,431228,Sembilan kawasan catat IPU tidak sihat setakat 10 pagi,Sarawak Women Entrepreneur Dashboard to go live in early 2027; Samarahan One Stop Collecti,Berita RTM,Dayakdaily,kota samarahan,6.0,0.071,ai_summary,0.649
hard_positive,431228,431338,Sarawak Women Entrepreneur Dashboard to go live in early 2027; Samarahan One Stop Collecti,10 kawasan catat IPU tidak sihat setakat 8 malam,Dayakdaily,Berita RTM,kota samarahan,3.7,0.035,ai_summary,0.6566
hard_positive,429010,430923,"SMK Sri Samarahan set to open doors this Oct, offering comfortable, safer learning environ",Sembilan kawasan catat IPU tidak sihat setakat 10 pagi,Dayakdaily,Berita RTM,kota samarahan,45.0,0.036,ai_summary,0.6628
hard_positive,417600,421230,"901,555 Sarawakians benefit from Rahmah cash aid, including 88,855 in Kota Samarahan",Artists offer fresh perspectives of Sarawak,Dayakdaily,Sarawak Tribune,kota samarahan,40.0,0.096,body,0.6927
hard_positive,417600,419163,"901,555 Sarawakians benefit from Rahmah cash aid, including 88,855 in Kota Samarahan",Genset supplying telco tower destroyed in Samarahan fire,Dayakdaily,Sarawak Tribune,kota samarahan,14.7,0.071,title,0.6265
hard_positive,413721,414026,"Samarahan API dips to moderate 98 at 8am today, Kanowit and Lundu also return to moderate ",RM1.8 mil project brings solar streetlights to 23 villages in Kota Samarahan,Malaymail,Dayakdaily,kota samarahan,3.3,0.055,body,0.7123
hard_positive,430813,431228,Tujuh kawasan catat IPU tidak sihat setakat 8 pagi,Sarawak Women Entrepreneur Dashboard to go live in early 2027; Samarahan One Stop Collecti,Berita RTM,Dayakdaily,kota samarahan,8.0,0.02,body,0.7102
hard_positive,425112,426552,"12 SUPP Southern Zone Youth sections ink commitment to boost cooperation, develop young le",Projek keselamatan sempadan negara perlu disiapkan mengikut jadual,Dayakdaily,Berita RTM,kuching,26.0,0.02,body,0.7741
hard_positive,431206,431624,"Dutch guide thought RM60 Sarawak beads were worth USD1,000, says Deputy Premier",Max Verstappen is the F1 Bahrain champion at Sepang,Dayakdaily,Sarawak Tribune,kuching,14.2,0.02,body,0.6178
hard_positive,415452,416889,Sarawak CP Mohamad Zainal Abdullah to take helm as management director at Bukit Aman,"5,000 dijangka banjiri Pusat Konvensyen Borneo sambut Hari Malaysia",Dayakdaily,Buletin TV3,kuching,17.7,0.042,ai_summary,0.6698
hard_positive,415702,417417,Dr Jerip: Timing secondary to preparing for leadership transition,"More boats, heavy vehicles for Sarawak as Nadma enhanced flood response capacity",Sarawak Tribune,Dayakdaily,kuching,21.0,0.039,body,0.6858
hard_positive,417366,419962,Mooncakes meet Kek Lapis as Mid-Autumn Festival brings Sarawak harmony to Carpenter St,Recurring haze raises concerns for international sporting events,Dayakdaily,Sarawak Tribune,kuching,27.0,0.033,body,0.7514
hard_positive,411525,412227,Viral cable video leads police to suspect,"Long Lellang heli crash: Pilot Captain Zainol, medical officer Dr Ainul laid to rest",Sarawak Tribune,Dayakdaily,kuching,7.4,0.05,body,0.6839
hard_positive,422252,423639,Sport : SEA Games 2027: Sarawak To Provide Interpreters For Foreign Contingents,"Rep distributes mooncakes to traders, shoppers",Bernama,Sarawak Tribune,kuching,20.7,0.044,ai_summary,0.7292
hard_positive,420112,420187,Federal action needed to prevent haze from disrupting SEA Games 2027,"UKAS, Sarawak Election Office strengthen cooperation",Dayakdaily,Sarawak Tribune,kuching,1.4,0.028,body,0.7125
hard_positive,418029,422252,S’wak targets stronger federal ties following tourism agreement under Concurrent List,Sport : SEA Games 2027: Sarawak To Provide Interpreters For Foreign Contingents,Dayakdaily,Bernama,kuching,48.0,0.058,body,0.7722
hard_positive,415651,419735,"SPR diminta segerakan persempadanan Parlimen Sabah, Sarawak - Fahmi",Old friend invites Wan Junaidi to daughter’s wedding,Hmetro,Sarawak Tribune,kuching,45.3,0.019,ai_summary,0.7142
hard_positive,416103,418156,"General : Malaysia Day Calls For Mature, Resilient Society – Wan Junaidi",PM Anwar: MA63 is a national responsibility,Bernama,Sarawak Tribune,kuching,25.0,0.038,body,0.7464
hard_positive,417313,418157,Veteran broadcaster Uleyvia touched by Hawana aid on Malaysia Day,"Petronas-Petros deal down to final details, says PM",Dayakdaily,Sarawak Tribune,kuching,10.0,0.027,body,0.6875
hard_positive,427814,428876,Fix inefficient processes before going digital,S’wak CP Mohd Zainal makes farewell call on Premier ahead of new Bukit Aman role,Sarawak Tribune,Dayakdaily,kuching,18.3,0.044,ai_summary,0.6671
hard_positive,420085,421366,Sarawak Transport Ministry urges airlines to study fare cap as last-minute tickets top RM1,MPB cuts red tape for pepper industry,Dayakdaily,Sarawak Tribune,kuching,16.0,0.061,body,0.7079
hard_positive,410017,411298,"Long Lellang heli crash probe: 19 witnesses called, report due within 30 days",Rumah kosong di Kuarters Kerajaan Sundar terbakar,Dayakdaily,Berita RTM,lawas,15.3,0.036,body,0.6892
hard_positive,414090,415230,Lawas Hospital to gain staff as resources allow,"Minister: Two-year defect liability period to ensure new Lawas Hospital remains safe, func",Sarawak Tribune,Dayakdaily,lawas,19.7,0.118,title,0.7329
hard_positive,410017,414090,"Long Lellang heli crash probe: 19 witnesses called, report due within 30 days",Lawas Hospital to gain staff as resources allow,Dayakdaily,Sarawak Tribune,lawas,46.0,0.074,body,0.6567
hard_positive,419866,421570,Lelaki 21 tahun ditahan disyaki terlibat perjudian di Lawas,Man killed after friend allegedly mistakes him for animal during Lawas hunting trip,Berita RTM,Dayakdaily,lawas,20.6,0.056,title,0.6609
hard_positive,414000,414090,Deputy minister eyes specialist services at new Lawas Hospital to cut patient travel,Lawas Hospital to gain staff as resources allow,Dayakdaily,Sarawak Tribune,lawas,1.3,0.2,body,0.8087
hard_positive,413999,414142,"New RM183 mil Lawas Hospital opens door to better, closer healthcare",New Lawas Hospital expected to evolve into specialist centre to cut long‑distance referral,Dayakdaily,Malaymail,lawas,2.3,0.13,title,0.798
hard_positive,414142,415230,New Lawas Hospital expected to evolve into specialist centre to cut long‑distance referral,"Minister: Two-year defect liability period to ensure new Lawas Hospital remains safe, func",Malaymail,Dayakdaily,lawas,18.7,0.16,title,0.6906
hard_positive,410017,414177,"Long Lellang heli crash probe: 19 witnesses called, report due within 30 days",Hospital baharu Lawas perkukuh akses kesihatan penduduk utara Sarawak,Dayakdaily,Berita RTM,lawas,47.3,0.04,body,0.6446
hard_positive,413999,414090,"New RM183 mil Lawas Hospital opens door to better, closer healthcare",Lawas Hospital to gain staff as resources allow,Dayakdaily,Sarawak Tribune,lawas,1.3,0.143,title,0.7887
hard_positive,410017,410572,"Long Lellang heli crash probe: 19 witnesses called, report due within 30 days",Banteras dadah: Polis Sarawak perkukuh kerjasama dengan masyarakat,Dayakdaily,Berita RTM,lawas,6.7,0.085,body,0.6125
hard_positive,411298,414000,Rumah kosong di Kuarters Kerajaan Sundar terbakar,Deputy minister eyes specialist services at new Lawas Hospital to cut patient travel,Berita RTM,Dayakdaily,lawas,29.3,0.019,ai_summary,0.6409
hard_positive,410017,414142,"Long Lellang heli crash probe: 19 witnesses called, report due within 30 days",New Lawas Hospital expected to evolve into specialist centre to cut long‑distance referral,Dayakdaily,Malaymail,lawas,47.0,0.053,body,0.6307
hard_positive,414090,414142,Lawas Hospital to gain staff as resources allow,New Lawas Hospital expected to evolve into specialist centre to cut long‑distance referral,Sarawak Tribune,Malaymail,lawas,1.0,0.176,body,0.8156
hard_positive,414000,414142,Deputy minister eyes specialist services at new Lawas Hospital to cut patient travel,New Lawas Hospital expected to evolve into specialist centre to cut long‑distance referral,Dayakdaily,Malaymail,lawas,2.3,0.35,title,0.8605
hard_positive,415594,415951,Proposed Limbang Integrated Health Complex site must be sustainable,Pembangunan klinik pedalaman perlu ambil kira keperluan rakyat,Sarawak Tribune,Berita RTM,limbang,4.0,0.333,ai_summary,0.7867
hard_positive,415594,417026,Proposed Limbang Integrated Health Complex site must be sustainable,"Amaran ribut petir, hujan lebat di tiga negeri",Sarawak Tribune,Berita RTM,limbang,17.3,0.023,ai_summary,0.7057
hard_positive,415951,417025,Pembangunan klinik pedalaman perlu ambil kira keperluan rakyat,"Amaran ribut petir, hujan lebat di 3 negeri",Berita RTM,Buletin TV3,limbang,13.3,0.033,body,0.7117
hard_positive,415594,417025,Proposed Limbang Integrated Health Complex site must be sustainable,"Amaran ribut petir, hujan lebat di 3 negeri",Sarawak Tribune,Buletin TV3,limbang,17.3,0.011,body,0.7084
hard_positive,409843,413509,Nahas helikopter: Keputusan DNA lima mangsa selesai,Man dies after being trapped under heavy machinery in Long Seridan in Marudi,Berita RTM,Dayakdaily,marudi,41.3,0.022,body,0.7195
hard_positive,408060,410005,Nahas helikopter: Analisis DNA lima mangsa dijangka selesai esok,KSC courts Norway to build new growth corridor,Buletin TV3,Sarawak Tribune,miri,24.6,0.017,body,0.6465
hard_positive,414336,417060,Mendiang Jessie disemadikan di BEM Memorial Park,A Family Dream Fulfilled: Miri-born Mirabel Ting secures 2027 LPGA Tour card,Berita RTM,Sarawak Tribune,miri,39.3,0.023,body,0.6715
hard_positive,410223,411795,Sarawak police close final chapter as Long Lellang crash victims return to families,‘Our voice is strong’: PM Anwar agrees in principle to one-third Dewan Rakyat seats for Ea,Malaymail,Dayakdaily,miri,18.7,0.028,body,0.6587
hard_positive,410026,411875,Jenazah Dr Ainul Baraah dijangka tiba di Kelantan pagi esok – Bapa,"‘When there’s more, share more’: Putrajaya, S’wak to fine-tune flexible Article 112D reven",Buletin TV3,Dayakdaily,miri,22.0,0.042,body,0.5783
hard_positive,409961,412199,General : Sarawak To Review Aviation Safety Needs After Long Lellang Helicopter Crash,"Mendiang Jessie, Alexson dikebumi pada Isnin",Bernama,Berita RTM,miri,25.7,0.036,ai_summary,0.7519
hard_positive,406339,409831,Nahas helikopter: Proses bedah siasat lima mangsa selesai,"Nahas FDS, tunggu laporan profesional CAAM - Menteri Pengangkutan Sarawak",Buletin TV3,Hmetro,miri,43.0,0.122,body,0.7102
hard_positive,411945,412138,General : Debra Never Got To Host Reunion With School Friends At New Home,"MA63: Sarawak has always been rational, says Premier",Bernama,Sarawak Tribune,miri,2.0,0.026,body,0.6783
hard_positive,411396,411795,Marina Bridge to slash Miri–Pulau Melayu travel time,‘Our voice is strong’: PM Anwar agrees in principle to one-third Dewan Rakyat seats for Ea,Sarawak Tribune,Dayakdaily,miri,4.7,0.067,ai_summary,0.6837
hard_positive,409790,411751,Nahas helikopter: Kerajaan Sarawak kaji langkah tambahan keselamatan penerbangan,"General : Remains Of Dr Ainul, Capt Zainol Flown Home",Buletin TV3,Bernama,miri,24.0,0.078,body,0.8147
hard_positive,412020,413862,"Awang Tengah: S’wakian Bumiputera O&G firm to debut on Bursa Malaysia, signals stronger co",Mendiang Alexson Adit dikebumikan di Lambir,Dayakdaily,Berita RTM,miri,19.6,0.019,body,0.6371
hard_positive,407281,409524,"Pesakit kenang kebaikan Adit, temui cop dan namanya pada kad klinik lama","Keputusan DNA mangsa nahas helikopter diperoleh, penyerahan jasad hari ini – Polis",Hmetro,Berita RTM,miri,27.3,0.115,body,0.8284
hard_positive,409790,413750,Nahas helikopter: Kerajaan Sarawak kaji langkah tambahan keselamatan penerbangan,"Bulldozer driver crushed to death in Long Seridan mishap, says Sarawak Fire Dept",Buletin TV3,Malaymail,miri,45.0,0.053,title,0.7044
hard_positive,408449,411344,Long Lellang heli crash: DNA analysis of victims expected by tomorrow (Sept 12),"Analisa DNA selesai, jenazah lima mangsa nahas helikopter FDS diserah kepada keluarga",Dayakdaily,Hmetro,miri,36.7,0.124,body,0.8278
hard_positive,406630,409598,Helikopter JBPM bawa pesakit buah pinggang dari Long Lellang ke Miri,"Long Lellang heli crash: DNA analysis of victims completed, funeral arrangements underway",Buletin TV3,Dayakdaily,miri,36.3,0.105,title,0.6921
hard_positive,424798,426282,"Woman killed, son injured in crash at Selangau-Mukah junction in Sarawak",SAR lelaki jatuh sungai di Mukah memasuki hari kedua,Malaymail,Berita RTM,mukah,27.0,0.062,title,0.6779
hard_positive,429343,430048,"Basong Water Treatment Plant Phase 3 ahead of schedule at 15.1 pct, eyes completion by Sep",General : Sarawak Budget 2027 To Touch On Electricity Tariff Issue - Abang Johari,Dayakdaily,Bernama,mukah,19.0,0.067,body,0.774
hard_positive,424798,424919,"Woman killed, son injured in crash at Selangau-Mukah junction in Sarawak",Man missing after falling into river while working on barge near Batang Igan Bridge,Malaymail,Dayakdaily,mukah,2.0,0.138,body,0.7434
hard_positive,429985,429990,"Premier: Sarawak Budget 2027 to cover electricity tariffs, revenue and economic direction",Over RM1 bln in proposed Mukah road projects among requests for further discussion,Malaymail,Dayakdaily,mukah,0.0,0.157,body,0.7335
hard_positive,429964,430048,"Premier to students: Choose AI, science courses to meet S’wak’s rising tech demand",General : Sarawak Budget 2027 To Touch On Electricity Tariff Issue - Abang Johari,Dayakdaily,Bernama,mukah,2.0,0.138,body,0.7494
hard_positive,429985,430049,"Premier: Sarawak Budget 2027 to cover electricity tariffs, revenue and economic direction","'Jika saya berundur, itu proses semula jadi' - Abang Johari",Malaymail,Hmetro,mukah,1.3,0.169,body,0.7153
hard_positive,429485,430049,"In Mukah, politics is about potholes, water, electricity, internet — Semop rep","'Jika saya berundur, itu proses semula jadi' - Abang Johari",Dayakdaily,Hmetro,mukah,15.3,0.04,body,0.6797
hard_positive,424919,426282,Man missing after falling into river while working on barge near Batang Igan Bridge,SAR lelaki jatuh sungai di Mukah memasuki hari kedua,Dayakdaily,Berita RTM,mukah,25.0,0.079,body,0.6614
hard_positive,429485,429985,"In Mukah, politics is about potholes, water, electricity, internet — Semop rep","Premier: Sarawak Budget 2027 to cover electricity tariffs, revenue and economic direction",Dayakdaily,Malaymail,mukah,14.0,0.113,ai_summary,0.7713
hard_positive,429485,430048,"In Mukah, politics is about potholes, water, electricity, internet — Semop rep",General : Sarawak Budget 2027 To Touch On Electricity Tariff Issue - Abang Johari,Dayakdaily,Bernama,mukah,15.3,0.091,ai_summary,0.7602
hard_positive,429964,429985,"Premier to students: Choose AI, science courses to meet S’wak’s rising tech demand","Premier: Sarawak Budget 2027 to cover electricity tariffs, revenue and economic direction",Dayakdaily,Malaymail,mukah,0.7,0.14,body,0.7591
hard_positive,430048,430068,General : Sarawak Budget 2027 To Touch On Electricity Tariff Issue - Abang Johari,"Sarawak-designed, locally made chip heads to China for electric meters",Bernama,Dayakdaily,mukah,0.3,0.174,body,0.6954
hard_positive,423330,423681,"Six held for drugs, two for illegal scrap trade","Mother killed, son injured in accident at Mukah-Selangau Junction flyover",Sarawak Tribune,Dayakdaily,mukah,4.3,0.051,body,0.7217
hard_positive,428973,430048,Mukah Kitchen brings local flavours to the spotlight at Sarawakku Sayang 2026 programme,General : Sarawak Budget 2027 To Touch On Electricity Tariff Issue - Abang Johari,Dayakdaily,Bernama,mukah,27.0,0.073,ai_summary,0.7539
hard_positive,404275,405416,Improving APM facilities to boost operational readiness,"Jerebu: Sarikei catat IPU tertinggi, 15 kawasan tidak sihat",Sarawak Tribune,Buletin TV3,sarikei,12.0,0.02,ai_summary,0.7012
hard_positive,405416,405964,"Jerebu: Sarikei catat IPU tertinggi, 15 kawasan tidak sihat","Drink-driver jailed 10 years, fined RM50,000",Buletin TV3,Sarawak Tribune,sarikei,6.3,0.02,ai_summary,0.6969
hard_positive,429083,429341,"Nyelong By-Pass upgrade, new Kwong Ming Minah link set to improve Sarikei traffic flow",General : RM98 Mln Road Projects To Ease Sarikei Traffic Congestion,Dayakdaily,Bernama,sarikei,6.0,0.5,ai_summary,0.8822
hard_positive,423041,424874,"Serian, Kuching catat bacaan kualiti udara tidak sihat","Haze: Sarawak areas dominate unhealthy API readings, IPD Serian highest at 182",Hmetro,Malaymail,serian,25.0,0.269,ai_summary,0.8243
hard_positive,411571,415034,Jerebu: Tahu bacaan IPU belum bererti tahu bertindak,37 kawasan rekod IPU tidak sihat pagi ini,Berita RTM,Buletin TV3,serian,44.3,0.126,body,0.781
hard_positive,423041,423165,"Serian, Kuching catat bacaan kualiti udara tidak sihat","20 kawasan catat IPU tidak sihat, Serian tertinggi",Hmetro,Berita RTM,serian,1.7,0.364,title,0.9271
hard_positive,408076,411716,Hanya satu kawasan catat IPU tidak sihat petang ini,"Sarawak schools reopen except Serian, Lubok Antu",Hmetro,Sarawak Tribune,serian,45.0,0.062,ai_summary,0.6796
hard_positive,410330,411245,"General : Schools In Serian, Lubok Antu To Remain Closed Until Haze Improves",Lima stesen Sarawak catat IPU tidak sihat pagi ini,Bernama,Buletin TV3,serian,10.7,0.073,ai_summary,0.7752
hard_positive,411310,413462,"Sarawak extends school closures in Serian, Lubok Antu until haze improves",8 kawasan rekod IPU tidak sihat,Malaymail,Buletin TV3,serian,22.7,0.045,body,0.704
hard_positive,424693,424713,"IPU tidak sihat di lima negeri, Putrajaya dan Kuala Lumpur setakat 8 pagi",21 kawasan catat IPU tidak sihat setakat jam 8 pagi,Berita RTM,Buletin TV3,serian,0.3,0.373,body,0.7714
hard_positive,408219,411513,"General : Serian Hits Very Unhealthy API Again, 11 Other Areas Unhealthy As of 5pm","Schools reopen in 12 S’wak districts tomorrow (Sept 14) while Serian, Lubok Antu remain cl",Bernama,Dayakdaily,serian,40.7,0.048,title,0.6835
hard_positive,408018,408274,"14 men fined RM3,500 each for armed rioting over palm oil dispute in Serian","Serian kekal catat IPU tertinggi, cecah 220",Dayakdaily,Buletin TV3,serian,2.4,0.062,title,0.6838
hard_positive,409431,411300,General : Haze: Serian Records Very Unhealthy API Reading,Lima kawasan di Sarawak catat IPU tidak sihat setakat 8 pagi,Bernama,Berita RTM,serian,22.7,0.25,ai_summary,0.9063
hard_positive,423552,425020,Jerebu: 17 Kawasan catat IPU tidak sihat,IPU tidak sihat meningkat kepada 27 kawasan,Buletin TV3,Berita RTM,serian,20.7,0.5,title,0.7844
hard_positive,408076,409321,Hanya satu kawasan catat IPU tidak sihat petang ini,"IPU di Sarawak 258, paras sangat tidak sihat",Hmetro,Buletin TV3,serian,15.3,0.253,body,0.8742
hard_positive,407871,411300,Serian back in ‘very unhealthy’ air quality category as API hits 214 as of 2pm (Sept 11),Lima kawasan di Sarawak catat IPU tidak sihat setakat 8 pagi,Dayakdaily,Berita RTM,serian,42.0,0.143,ai_summary,0.8418
hard_positive,409488,411714,"Serian, Lundu, Lubok Antu, Tebedu record API above 200 as of 10am (Sept 12)",Serian schools reopen as air quality improves,Dayakdaily,Sarawak Tribune,serian,27.3,0.161,body,0.6996
hard_positive,405254,405571,"Enhancing grassroots leadership via knowledge, skills and integrity",*MAKLUMAN TEKANAN AIR RENDAH DI BAHAGIAN SIBU*,Sarawak Tribune,Telegram (@swbnews),sibu,3.4,0.007,body,0.5907
hard_positive,408263,410120,"1,258 participants set M’sia Book of Records for mass kampua tossing at Borneo Cultural Fe",Ageing jetty at Rh. Stanley Jelian gets new lease of life,Dayakdaily,Sarawak Tribune,sibu,24.0,0.064,body,0.57
hard_positive,417153,417974,"PDP president flags off PDP Permai Run in Sibu, strong 1,000-participant turnout prompts a",Scheduled Water Supply Interruption Notice on Replacement works of 150mm sluice valve at c,Dayakdaily,Telegram (@swbnews),sibu,10.0,0.034,title,0.6503
hard_positive,406299,409282,850 Catholic delegates gather in Sibu for first-of-its-scale national conference since 196,"Independence must be matched by responsibility, says Bawang Assan rep",Dayakdaily,Sarawak Tribune,sibu,36.3,0.026,body,0.6906
hard_positive,424817,426102,"Man killed, three hurt in KM5 Jalan Salim car‑trailer crash in Sibu","‘Many opportunities’ ahead for bigger golf events in Sibu, says minister",Malaymail,Dayakdaily,sibu,23.3,0.053,title,0.671
hard_positive,406228,406299,"Man faces murder, drug charges over five-year-old boy’s death",850 Catholic delegates gather in Sibu for first-of-its-scale national conference since 196,Sarawak Tribune,Dayakdaily,sibu,0.7,0.028,body,0.6765
hard_positive,408263,409280,"1,258 participants set M’sia Book of Records for mass kampua tossing at Borneo Cultural Fe",Kevin Lau brings welfare help closer to those in need,Dayakdaily,Sarawak Tribune,sibu,13.3,0.024,body,0.6055
hard_positive,424835,425147,Deputy state minister urges transparent formula to ensure Sarawak gets fair share of feder,Children’s Council nurtures future leaders,Malaymail,Sarawak Tribune,sibu,5.0,0.036,body,0.7046
hard_positive,405943,408263,Nahas helikopter: 'Alex seorang sahabat yang baik',"1,258 participants set M’sia Book of Records for mass kampua tossing at Borneo Cultural Fe",Hmetro,Dayakdaily,sibu,26.7,0.013,body,0.5978
hard_positive,413864,417153,Borneo Cultural Festival builds momentum for Sibu tourism,"PDP president flags off PDP Permai Run in Sibu, strong 1,000-participant turnout prompts a",Sarawak Tribune,Dayakdaily,sibu,46.7,0.05,title,0.7858
hard_positive,417974,419430,Scheduled Water Supply Interruption Notice on Replacement works of 150mm sluice valve at c,Wong vows to improve water supply if elected Lanang MP,Telegram (@swbnews),Sarawak Tribune,sibu,13.0,0.15,title,0.6944
hard_positive,422098,424817,SUPP Bawang Assan brings Mid-Autumn cheer to 28 households,"Man killed, three hurt in KM5 Jalan Salim car‑trailer crash in Sibu",Sarawak Tribune,Malaymail,sibu,39.0,0.03,body,0.7104
hard_positive,405943,409280,Nahas helikopter: 'Alex seorang sahabat yang baik',Kevin Lau brings welfare help closer to those in need,Hmetro,Sarawak Tribune,sibu,40.0,0.024,body,0.6943
hard_positive,405609,408263,Serving up mooncakes as part of priestly mission,"1,258 participants set M’sia Book of Records for mass kampua tossing at Borneo Cultural Fe",Sarawak Tribune,Dayakdaily,sibu,30.3,0.013,body,0.6205
hard_positive,421899,421915,"One dead, two injured in road crash near Lubok Antu junction","Woman killed, two injured in car-lorry collision",Dayakdaily,Sarawak Tribune,sri aman,0.3,0.297,ai_summary,0.9127
hard_positive,429770,429849,Empat kawasan catat IPU tidak sihat,"Four areas in Johor and Sarawak still in unhealthy API range, Sri Aman highest at 152",Buletin TV3,Malaymail,sri aman,2.3,0.129,body,0.706
hard_positive,429773,429849,Jerebu: Empat kawasan catat IPU tidak sihat pagi ini,"Four areas in Johor and Sarawak still in unhealthy API range, Sri Aman highest at 152",Hmetro,Malaymail,sri aman,2.0,0.4,ai_summary,0.9377
hard_positive,429770,429833,Empat kawasan catat IPU tidak sihat,Empat kawasan catat IPU tidak sihat setakat 9 pagi ini,Buletin TV3,Berita RTM,sri aman,1.7,0.667,title,0.8105
hard_positive,429770,429773,Empat kawasan catat IPU tidak sihat,Jerebu: Empat kawasan catat IPU tidak sihat pagi ini,Buletin TV3,Hmetro,sri aman,0.3,0.667,title,0.8092
jaccard_caught,406110,406226,All areas recorded API below 200 as at 1pm,All API readings remain below 200,Sarawak Tribune,Sarawak Tribune,kuching,1.3,0.659,body,0.937
jaccard_caught,411299,411344,"KKM selesai proses forensik, jasad lima mangsa nahas FDS diserah kepada keluarga","Analisa DNA selesai, jenazah lima mangsa nahas helikopter FDS diserah kepada keluarga",Berita RTM,Hmetro,miri,0.7,0.621,ai_summary,0.9345
jaccard_caught,413970,414009,Nahas helikopter: Linangan air mata dua beradik iringi ibu ke persemadian terakhir,Nahas helikopter: Linangan air mata dua beradik iringi persemadian Debra,Hmetro,Buletin TV3,kuching,0.3,0.75,title,0.9671
jaccard_caught,409481,409592,General : FDS Heli Crash: DNA Analysis Completed; Funeral Arrangements Under Way,"DNA results of Long Lellang crash victims finally in, families set to receive remains",Bernama,Malaymail,miri,1.3,0.571,ai_summary,0.9533
jaccard_caught,417439,417476,"Jerebu: Malaysia utama diplomasi, pampasan bukan penyelesaian mutlak","Jerebu: Malaysia utamakan diplomasi, pampasan bukan penyelesaian mutlak",Hmetro,Buletin TV3,kuching,0.3,0.778,title,0.8696
jaccard_caught,405674,405856,General : Remains Of Alexson To Be Brought To Desa Senadin After Post-mortem,"Late medical assistant Alexson Adit to be brought home to Desa Senadin after autopsy, says",Bernama,Sarawak Tribune,miri,2.0,0.66,body,0.8565
jaccard_caught,410359,410454,"Jerebu : Sekolah di 12 PPD di Sarawak dibuka mulai Isnin, dua PPD kekal tutup","Jerebu: Sekolah di 12 PPD Sarawak dibuka Isnin, dua kekal tutup",Hmetro,Buletin TV3,kuching,1.0,0.9,title,0.8235
jaccard_caught,409322,409432,"IPU Serian sangat tidak sihat, catat bacaan 260",Jerebu: Serian catat IPU sangat tidak sihat,Berita RTM,Hmetro,serian,1.7,0.75,title,0.9558
jaccard_caught,404328,404359,"Nahas helikopter: Debra seorang yang ceria, gemar memasak untuk keluarga – Adik","Nahas helikopter: Debra seorang yang ceria, gemar memasak untuk keluarga – Adik",Berita RTM,Berita RTM,kuching,0.3,1.0,title,0.9855
jaccard_caught,411398,411441,FDS crash victims’ remains handed to families,General : Remains Of Five FDS Heli Crash Victims Handed Over To Families,Sarawak Tribune,Bernama,miri,0.3,0.731,ai_summary,0.9644
jaccard_caught,430813,430923,Tujuh kawasan catat IPU tidak sihat setakat 8 pagi,Sembilan kawasan catat IPU tidak sihat setakat 10 pagi,Berita RTM,Berita RTM,kota samarahan,2.0,0.778,title,0.7551
jaccard_caught,423594,425218,"Tyng Dance Academy named Best School at Asia Open 2026, returns with 30 awards",Tyng Dance Academy named Best School at Asia Open,Dayakdaily,Sarawak Tribune,kuching,23.3,0.8,title,0.8999
jaccard_caught,404292,404359,"Nahas Helikopter: Tiada lagi Debra yang ceria, gemar memasak – Adik","Nahas helikopter: Debra seorang yang ceria, gemar memasak untuk keluarga – Adik",Buletin TV3,Berita RTM,kuching,0.7,0.684,body,0.9149
jaccard_caught,405375,405604,General : Long Lellang Crash: Jessie Paya’s Dream Of Further Studies Cut Short - Close Fri,Long Lellang crash: Jessie Paya’s dream of further studies cut short – close friend,Bernama,Sarawak Tribune,kuching,2.7,0.923,title,0.9273
jaccard_caught,426154,426386,Haze forces schools in Lubok Antu and Kanowit to take a break,"General : Haze: Schools In Lubok Antu, Kanowit Closed Today",Sarawak Tribune,Bernama,kuching,4.0,0.625,ai_summary,0.9451
jaccard_caught,431912,431992,"S’wak unveils keteq.GaN, first locally designed GaN power semiconductor chip at IDECS 2026","S’wak unveils keteq.GaN, first locally designed gallium nitride power semiconductor chip a",Dayakdaily,Dayakdaily,kuching,1.8,0.846,title,0.9862
jaccard_caught,424693,424714,"IPU tidak sihat di lima negeri, Putrajaya dan Kuala Lumpur setakat 8 pagi","IPU tidak sihat di lima negeri, Putrajaya dan Kuala Lumpur",Berita RTM,Berita RTM,serian,0.3,0.818,title,0.9166
jaccard_caught,405710,405755,"Nahas helikopter: Jasad Mendiang Alexson akan dibawa Ke Desa Senadin, selepas selesai beda","Nahas helikopter: Jasad Mendiang Alexson akan dibawa Ke Desa Senadin, selepas selesai beda",Hmetro,Buletin TV3,miri,0.3,1.0,title,0.8625
jaccard_caught,409522,409524,"Nahas helikopter: Keputusan DNA mangsa diperoleh, penyerahan jasad hari ini – Polis","Keputusan DNA mangsa nahas helikopter diperoleh, penyerahan jasad hari ini – Polis",Buletin TV3,Berita RTM,miri,0.0,1.0,title,0.9804
jaccard_caught,426517,426551,"Polis siasat 2 premis di Kuching, Sri Aman diserang dengan bahan letupan","Polis siasat 2 premis di Kuching, Sri Aman diserang dengan bahan letupan",Hmetro,Buletin TV3,kuching,0.4,1.0,title,0.9588
jaccard_caught,413783,413810,"General : Haze: 11 Areas Record Unhealthy API Readings With Sri Aman, Serian Highest At 17","Haze: 11 areas record unhealthy API readings, with Sri Aman, Serian highest at 174 at 11am",Bernama,Malaymail,sri aman,0.3,0.833,title,0.9177
jaccard_caught,408277,408405,RTM bangunkan garis panduan penggunaan AI dalam penyiaran,RTM bangunkan garis panduan penggunaan AI dalam industri penyiaran,Berita RTM,Berita RTM,kuching,1.3,0.875,title,0.9907
jaccard_caught,413866,414160,Grait-Git Road repair to begin soon,Puncak Borneo roadside collapse repairs to begin soon,Sarawak Tribune,Sarawak Tribune,kuching,4.0,0.867,body,0.9653
jaccard_caught,418155,419309,PM Anwar announces wider BUDI Diesel eligibility,"BUDI Diesel subsidy eligibility now transferable to non-family users, says Anwar",Sarawak Tribune,Malaymail,kuching,9.7,0.59,ai_summary,0.8967
jaccard_caught,417990,418114,"Sarawak terus maju, makmur dalam Malaysia - Abang Johari","Sarawak mahu terus maju, makmur dalam Malaysia – Abang Johari",Hmetro,Berita RTM,kuching,1.0,0.889,title,0.8394
jaccard_caught,424840,424902,"S’wak urges digital push to preserve Bisaya, lesser-known ethnic heritage","S’wak allocates RM50k to Bisaya association, urges digital push to preserve heritage",Dayakdaily,Dayakdaily,kuching,1.0,0.649,body,0.9224
jaccard_caught,409483,409522,"Keputusan DNA mangsa nahas helikopter diperoleh, penyerahan jasad hari ini - Polis","Nahas helikopter: Keputusan DNA mangsa diperoleh, penyerahan jasad hari ini – Polis",Hmetro,Buletin TV3,miri,0.3,1.0,title,0.8632
jaccard_caught,406339,407627,Nahas helikopter: Proses bedah siasat lima mangsa selesai,Nahas helikopter: Bedah siasat lima mangsa selesai,Buletin TV3,Berita RTM,miri,16.0,0.875,title,0.8275
jaccard_caught,421641,422140,Unscheduled Water Supply Interruption,Unscheduled Water Supply Interruption,Telegram (@swbnews),Telegram (@swbnews),kuching,7.0,1.0,title,0.9743
jaccard_caught,430191,430416,Three men arrested over alleged cable theft in Kampung Siol Kandis,"Tiga lelaki ditahan curi kabel di Kuching, miliki rekod jenayah lampau",Dayakdaily,Berita RTM,kuching,5.0,0.632,ai_summary,0.8952
jaccard_caught,411258,411296,"Jenazah Dr Ainul, Kapten Zainol dibawa pulang hari ini","Nahas helikopter: Jenazah Dr Ainul, Kapten Zainol dibawa pulang hari ini",Hmetro,Buletin TV3,miri,0.3,0.8,title,0.8391
jaccard_caught,410009,411401,DNA confirms identities of five heli crash victims,FDS crash victims’ remains to be handed over to families today,Sarawak Tribune,Sarawak Tribune,kuching,16.7,0.593,ai_summary,0.9257
jaccard_caught,409481,409795,General : FDS Heli Crash: DNA Analysis Completed; Funeral Arrangements Under Way,"Long Lellang helicopter crash: Police confirm DNA results ready, remains released to next ",Bernama,Sarawak Tribune,miri,4.0,0.632,body,0.9379
jaccard_caught,429833,429849,Empat kawasan catat IPU tidak sihat setakat 9 pagi ini,"Four areas in Johor and Sarawak still in unhealthy API range, Sri Aman highest at 152",Berita RTM,Malaymail,sri aman,0.7,0.556,ai_summary,0.9433
jaccard_caught,405866,405895,"CAAM: Crash helicopter’s airworthiness certificate valid until 2027, registration until 20","Aviation Authority: Crash helicopter’s airworthiness certificate valid until 2027, registr",Dayakdaily,Dayakdaily,kuching,0.3,1.0,body,0.9999
jaccard_caught,430037,430387,"‘Petros not out to kill Petronas’, Premier says as S’wak targets Kuching floating LNG by 2","‘Petros not out to kill Petronas’, Premier says as S’wak targets Kuching LNG terminal by 2",Dayakdaily,Dayakdaily,kuching,7.7,0.846,title,0.9747
jaccard_caught,405945,405991,Waris dua mangsa nahas helikopter layak terima faedah bulanan PERKESO,Nahas Helikopter: Waris dua mangsa layak terima faedah bulanan PERKESO,Hmetro,Buletin TV3,miri,0.4,1.0,title,0.7601
jaccard_caught,426583,426615,"Dua kedai serbaneka 24 jam di Kuching, Sri Aman jadi sasaran khianat",Dua kedai serbaneka 24 jam di Kuching jadi sasaran khianat,Berita RTM,Berita RTM,kuching,0.3,0.8,title,0.8579
jaccard_caught,417610,417673,Tiga lelaki ditahan selepas bergaduh di pusat hiburan,Three nabbed after Miri brawl goes viral,Buletin TV3,Sarawak Tribune,miri,1.0,0.667,ai_summary,0.8768
jaccard_caught,429987,430013,"Guna RM254,000 wang gaji pekerja untuk judi, lelaki dipenjara 7 tahun, sebatan","Guna RM254,000 wang gaji pekerja untuk judi, lelaki dipenjara 7 tahun, denda dan sebatan",Hmetro,Buletin TV3,miri,0.4,0.846,title,0.9693
negative,415595,430923,UTS Foundation students sharpen skills at youth camp despite early closure,Sembilan kawasan catat IPU tidak sihat setakat 10 pagi,Sarawak Tribune,Berita RTM,sibu,450.1,0.036,ai_summary,0.6262
negative,407703,426282,"Tragedi Long Lellang: JBPM, KKM pastikan FDS, MEDEVAC diteruskan",SAR lelaki jatuh sungai di Mukah memasuki hari kedua,Hmetro,Berita RTM,,240.3,0.091,body,0.7411
negative,426682,406327,Old Kuching set for heritage protection,Bedah siasat lima mangsa nahas FDS masih dijalankan,Sarawak Tribune,Hmetro,kuching,263.0,0.05,body,0.6569
negative,405855,422356,Man jailed 24 months for two offences,SEA Games Torch Run to unite Sarawak from Limbang to Kuching,Sarawak Tribune,Dayakdaily,kuching,200.7,0.015,body,0.642
negative,416959,431621,"Wan Junaidi calls for mature, inclusive Malaysia as nation marks Malaysia Day",Private sector role vital to pickleball growth,Malaymail,Sarawak Tribune,kuching,452.9,0.039,body,0.6782
negative,417171,430036,Awang Tengah: Build local expertise through technology partnerships,"M40 housing formula still being worked out; pilot project to cover Jepak, Kampung Nyalau i",Sarawak Tribune,Dayakdaily,kuching,411.8,0.071,body,0.6783
negative,429054,414322,Pusat Seni Persembahan Sarawak berpotensi jadi lokasi Sukan SEA 2027,Caution urged over AI generated Jalur Gemilang,Buletin TV3,Sarawak Tribune,kuching,427.1,0.035,body,0.7202
negative,417836,426762,"Business : Anwar, Abang Johari Witness Official Handover Of Bintulu Port To Sarawak","KINIGUIDE | Why some Sarawak votes count more, and what's changing",Bernama,Malaysiakini,bintulu,327.7,0.056,title,0.6071
negative,429472,423021,"Premier: Mukah’s 200km coastal belt could gain value from carbon trading, help curb emissi","Crispy, smoky, succulent: Jin Liew’s Hong Kong-style BBQ keeps Kuchingites coming back for",Dayakdaily,Dayakdaily,mukah,325.8,0.027,body,0.625
negative,430906,420085,"General : Six Areas In Johor, One In Sarawak Record Unhealthy API Readings At 9 Am",Sarawak Transport Ministry urges airlines to study fare cap as last-minute tickets top RM1,Bernama,Dayakdaily,,400.1,0.045,title,0.6769
negative,423536,429205,Fatimah calls for rural reach in CSR initiatives,168 civil servants in Mukah honoured with Loyal Service Medal,Sarawak Tribune,Dayakdaily,kuching,312.1,0.011,body,0.6463
negative,426295,409282,"RM119 mil Pan Borneo S’wak Redline upgrade targeted for early 2028 completion, may finish ","Independence must be matched by responsibility, says Bawang Assan rep",Dayakdaily,Sarawak Tribune,bintulu,221.7,0.011,body,0.6688
negative,406205,427658,"Petronas-Petros deal could face ‘Tabung Haji’ reckoning in future, warns expert",Kuching’s first LNG regasification terminal targets first gas by end 2029,Malaymail,Dayakdaily,,498.5,0.036,ai_summary,0.6245
negative,409831,426376,"Nahas FDS, tunggu laporan profesional CAAM - Menteri Pengangkutan Sarawak",Execution gaps slow development,Hmetro,Sarawak Tribune,miri,216.0,0.035,body,0.6844
negative,422148,428895,General : Bebuling STOLport Commercial Flights Yet To Begin - Sarawak Deputy Premier,Deputy Premier: Sarawak seeks greater control over strategic education decisions under MA6,Bernama,Dayakdaily,betong,327.1,0.158,title,0.7139
negative,406116,431932,General : Haze: 11 Areas With Unhealthy Air As of 5 pm Today,keteq.GaN marks S’wak’s push to expand semiconductor applications beyond chip design,Bernama,Dayakdaily,,597.6,0.03,ai_summary,0.597
negative,425047,409843,Sarawak’s Liverpool Supporters Club celebrates first anniversary,Nahas helikopter: Keputusan DNA lima mangsa selesai,Sarawak Tribune,Berita RTM,kuching,191.6,0.01,body,0.6759
negative,427058,413999,Sport : Kuching City FC Set For Home Return After Stadium Revamp,"New RM183 mil Lawas Hospital opens door to better, closer healthcare",Bernama,Dayakdaily,kuching,388.8,0.042,body,0.6875
negative,426884,426558,Asajaya rep pledges continued incentives as 128 SMK Asajaya students enter public universi,"RM351,000 allocated to Bukit Goram communities",Dayakdaily,Sarawak Tribune,kuching,212.8,0.0,title,0.7647
negative,426475,411298,Man fined RM900 for punching man,Rumah kosong di Kuarters Kerajaan Sundar terbakar,Sarawak Tribune,Berita RTM,kuching,199.7,0.0,title,0.6604
negative,405571,424830,*MAKLUMAN TEKANAN AIR RENDAH DI BAHAGIAN SIBU*,Outpost offers students gaming haven,Telegram (@swbnews),Sarawak Tribune,sibu,239.3,0.0,title,0.5872
negative,415314,428043,Three test positive for meth in Kuching-Bau ops,"Sarawak proposes Abu Dhabi office for solar, gas ventures - DayakDaily",Sarawak Tribune,Google News,kuching,392.1,0.0,title,0.6006
negative,422063,407470,Temporary water fix eases low-pressure woes at Kenyalang Food Centre,High Power Bills: Sarawak Energy Looking Into Grievances Of Customers - Sarawak Tribune,Dayakdaily,Google News,kuching,177.0,0.014,body,0.56
negative,426926,404275,"Asajaya land values could hit RM1 mln per acre as devt accelerates, locals urged to retain",Improving APM facilities to boost operational readiness,Dayakdaily,Sarawak Tribune,kuching,497.5,0.03,body,0.7068
negative,425045,426764,Free programme to equip Bidayuh crafters with skills for sustainable future,"Better roads, processing facilities sought to boost Sungai Mata pineapple industry",Sarawak Tribune,Dayakdaily,kuching,237.1,0.014,body,0.7182
negative,407598,423316,Algeria putuskan hubungan diplomatik dengan UAE,"SAGC launches manual to improve drafting of State laws, address ‘one-sheet’ proposals",Berita RTM,Dayakdaily,,194.7,0.017,body,0.6379
negative,430048,424972,General : Sarawak Budget 2027 To Touch On Electricity Tariff Issue - Abang Johari,"Senior citizen parking bays now at MBKS markets — to expand to malls, public areas",Bernama,Dayakdaily,mukah,314.4,0.041,ai_summary,0.6846
negative,426551,429989,"Polis siasat 2 premis di Kuching, Sri Aman diserang dengan bahan letupan","House collapses in Kpg Bintawa Tengah, 5 occupants including 3 kids escape unharmed",Buletin TV3,Dayakdaily,kuching,285.1,0.02,ai_summary,0.7285
negative,405297,431338,Fatal crash claims 22yo driver on Miri-Bintulu Coastal Road,10 kawasan catat IPU tidak sihat setakat 8 malam,Dayakdaily,Berita RTM,miri,587.4,0.019,ai_summary,0.6703
negative,431940,426017,Sarawak perkasa data sebagai aset strategik pacu pertumbuhan ekonomi,"BCM draws over 114,000 visitors",Buletin TV3,Sarawak Tribune,kuching,343.0,0.065,ai_summary,0.659
negative,407448,431183,"Lau: Petros-Petronas dispute fundamentally different from Tabung Haji, Felda issues","At 67, farmer still works to support 3 children with disabilities, earns Special Award",Sarawak Tribune,Dayakdaily,sibu,557.1,0.02,body,0.6593
negative,426772,417026,"Sarawak’s energy transition could cut energy use by up to 30 pct, says deputy minister - B","Amaran ribut petir, hujan lebat di tiga negeri",Google News,Berita RTM,,338.1,0.012,body,0.6017
negative,426760,405964,Syed Saddiq chooses to remember Allahyarhamah Dr Hasmah through the love she gave to Malay,"Drink-driver jailed 10 years, fined RM50,000",Sarawak Tribune,Sarawak Tribune,kuching,475.4,0.023,body,0.6667
negative,426763,426086,"Three arrested in separate Kuching drug raids, 164.39g meth seized",Kanowit joins Lubok Antu in in recording API over 200 as of 9am (Sept 21),Dayakdaily,Dayakdaily,kuching,218.0,0.065,body,0.7358
negative,417625,429083,General : KUSKOP Announces RM1 Mln Allocation For Five Tamu Desa Projects In Mas Gading,"Nyelong By-Pass upgrade, new Kwong Ming Minah link set to improve Sarikei traffic flow",Bernama,Dayakdaily,kuching,381.4,0.07,body,0.7576
negative,404274,431170,Man faces life imprisonment/ death penalty for drug trafficking,Motorcyclist dies in rear-end crash with pickup truck in Serian,Sarawak Tribune,Dayakdaily,kuching,592.8,0.103,body,0.6708
negative,415701,429770,"Continuity under Abang Jo crucial to Sarawak’s progress, says PRS veep",Empat kawasan catat IPU tidak sihat,Sarawak Tribune,Buletin TV3,kuching,422.5,0.022,body,0.6747
negative,405711,432040,Laporan awal nahas helikopter di Long Lellang dikeluarkan dalam tempoh 30 hari,(Media-only Telegram post),Hmetro,Telegram (@swbnews),,623.5,0.0,title,0.5422
negative,431622,411245,Pekat Pickleball debut exceeds turnout expectations,Lima stesen Sarawak catat IPU tidak sihat pagi ini,Sarawak Tribune,Buletin TV3,kuching,525.9,0.031,body,0.6675
negative,431183,413509,"At 67, farmer still works to support 3 children with disabilities, earns Special Award",Man dies after being trapped under heavy machinery in Long Seridan in Marudi,Dayakdaily,Dayakdaily,kuching,486.8,0.024,body,0.7003
negative,429852,410254,"RM11 mil to upgrade Debak health clinic with new maternal, child, dental facilities","Batang Paloh Bridge enters final stretch, eyes mid-October opening",Dayakdaily,Dayakdaily,,494.1,0.122,body,0.6294
negative,430191,419974,Three men arrested over alleged cable theft in Kampung Siol Kandis,Minister: Sarawak crucial to moving Malaysia’s pepper industry up value chain,Dayakdaily,Dayakdaily,kuching,385.8,0.037,body,0.6172
negative,420068,432040,reNIKOLA Signs 30-Year PPA For RM1 Billion Solar Project In Sarawak - SolarQuarter,(Media-only Telegram post),Google News,Telegram (@swbnews),,450.9,0.0,title,0.4916
negative,413670,426376,Pundit: Replacing S’wak Premier won’t be easy as Abang Johari sets high bar for State lead,Execution gaps slow development,Dayakdaily,Sarawak Tribune,kuching,172.7,0.05,body,0.7576
negative,429237,426282,"S’wak govt allocates RM107,000 for 75 storm-hit families within MBKS jurisdiction",SAR lelaki jatuh sungai di Mukah memasuki hari kedua,Dayakdaily,Berita RTM,kuching,268.8,0.01,body,0.6962
negative,405945,423552,Waris dua mangsa nahas helikopter layak terima faedah bulanan PERKESO,Jerebu: 17 Kawasan catat IPU tidak sihat,Hmetro,Buletin TV3,miri,217.3,0.044,body,0.7138
negative,431966,415251,"S’wak to host WITSA Global AI Index launch at IDECS 2027, track global AI ecosystem devt","PBK chief demands Umno apology to Christians, slams ‘reckless’ politics over Bible joke",Dayakdaily,Dayakdaily,kuching,484.8,0.019,ai_summary,0.6757
negative,408159,426766,"UAE rancang labur 40 bilion euro di Jerman, termasuk pusat data",Teen nabbed with 20 rolls of cable after police spot burning wires,Buletin TV3,Dayakdaily,,450.0,0.0,title,0.594
negative,407825,424840,"Sabah gets RM1.5b MA63 boost, Anwar hints Sarawak could be next by Sept 16","S’wak urges digital push to preserve Bisaya, lesser-known ethnic heritage",Malaymail,Dayakdaily,,212.7,0.042,body,0.6485
negative,412280,430949,Premier to showcase Sarawak’s energy vision at GASTECH 2026 in Bangkok - DayakDaily,Lahad Datu deputy police chief Jimmy Panyau dies at 53 after liver-related complications,Google News,Malaymail,,496.1,0.026,ai_summary,0.5238
negative,407849,421917,PM mahu MA63 dijadikan naratif nasional,"RM1.5 billion only interim payment, Sarawak’s Special Grant talks continue",Berita RTM,Sarawak Tribune,,170.6,0.071,body,0.6281
negative,425219,430112,MBOR achievement highlights support for special needs community,"Veterinary dept withdraws ‘Kumang’, ‘Keling’ livestock references following Iban community",Sarawak Tribune,Dayakdaily,miri,311.8,0.059,title,0.6732
negative,415751,427808,Tabung Kasih@HAWANA bantu 845 warga media sejak 2023,Sarawak GOF digs deep for second place in 25km endurance test,Berita RTM,Sarawak Tribune,kuching,382.8,0.0,title,0.6523
negative,425045,426762,Free programme to equip Bidayuh crafters with skills for sustainable future,"KINIGUIDE | Why some Sarawak votes count more, and what's changing",Sarawak Tribune,Malaysiakini,kuching,237.0,0.014,body,0.6012
negative,432024,408035,"Premier remembers Song Swee Guan as humble, dedicated leader with strong grassroots suppor","MA63 Technical Committee to continue resolving key matters, says Fadillah",Borneo Post Online,Sarawak Tribune,kuching,596.2,0.043,body,0.7604
negative,426884,411692,Asajaya rep pledges continued incentives as 128 SMK Asajaya students enter public universi,"General : Dr Dzulkefly Leads 1,000 Congregants In Funeral Prayers For Dr Ainul Baraah",Dayakdaily,Bernama,kuching,408.8,0.014,body,0.6215
negative,421570,429773,Man killed after friend allegedly mistakes him for animal during Lawas hunting trip,Jerebu: Empat kawasan catat IPU tidak sihat pagi ini,Dayakdaily,Hmetro,lawas,356.1,0.0,title,0.6829
negative,417039,426953,"MetMalaysia warns of heavy rain and strong winds across Penang, Sabah and Sarawak",Police investigate sudden death of newborn brought to Lawas Hospital,Malaymail,Dayakdaily,,342.1,0.024,body,0.575
negative,426471,413509,MATTA Fair winners collect travel prizes,Man dies after being trapped under heavy machinery in Long Seridan in Marudi,Sarawak Tribune,Dayakdaily,kuching,176.0,0.046,body,0.6356
negative,430013,417758,"Guna RM254,000 wang gaji pekerja untuk judi, lelaki dipenjara 7 tahun, denda dan sebatan","New Belaga fire station strengthens safety, emergency response in Upper Rajang",Buletin TV3,Dayakdaily,miri,403.8,0.0,title,0.5657
