label,model,prompt_version,article_id,source,title,first_parse_ok,first_no_summary,first_final_words,first_over_limit,first_latency_s,retry_run,retry_final_words,retry_over_limit,final_words,final_summary
mimo_v1,mimo-v2.5,v1,426583,Berita RTM,"Dua kedai serbaneka 24 jam di Kuching, Sri Aman jadi sasaran khianat",True,False,33,True,7.64,False,,,33,"Kuching police confirmed arson attacks on two 24-hour convenience stores at Jalan Green and the King Centre area on Sunday, between 7.05 and 8.30pm. The stores in Kuching and Sri Aman were targeted."
mimo_v1,mimo-v2.5,v1,423257,Bernama,"General : SEZ To Focus On Investment, Services Sector And High-value Job Creation - Dr Sim",True,False,27,False,3.69,False,,,27,"The proposed Sibu Economic Zone (SEZ) in Sibu, backed by an initial RM1.5 billion allocation, is set to coordinate the town's economic transformation and attract fresh investment."
mimo_v1,mimo-v2.5,v1,427773,Buletin TV3,"Penempatan doktor ke Sabah, Sarawak masih berlangsung – KKM",True,False,39,True,3.7,False,,,39,"Malaysia's Health Ministry (KKM) said the placement of permanent medical officers grade UD10 to Sabah and Sarawak is still ongoing until 7 October, involving 4,255 officers offered placement via the ePlacement system, and urged the public not to speculate."
mimo_v1,mimo-v2.5,v1,407993,Dayakdaily,S’wak govt seeks to continue cloud seeding ops as State braces for hotter October,True,False,34,True,2.39,False,,,34,The Sarawak government plans to continue cloud seeding to refill storage dams during the prolonged dry spell. Deputy Premier Datuk Amar Douglas Uggah Embas said talks were held with Nadma to resume the operations.
mimo_v1,mimo-v2.5,v1,431945,Freemalaysiatoday,"Minister moots panel to work out Sabah, S’wak federal seat increase",True,False,32,True,3.84,False,,,32,"Sabah and Sarawak affairs minister Mustapha Sakmud proposes a committee to work out the increase in federal seats for Sabah and Sarawak, suggesting he co-chair it with law minister Azalina Othman Said."
mimo_v1,mimo-v2.5,v1,409421,Google News,Water Aid Targeted Within 12 Hours For Affected Sarawak Communities - Sarawak Tribune,True,False,29,False,3.58,False,,,29,Sarawak Tribune reports that water aid will be delivered within 12 hours to affected communities in Sarawak. The assistance is being prioritized for those in need of immediate relief.
mimo_v1,mimo-v2.5,v1,406211,Hmetro,138 suspek bakar hutan di Indonesia didakwa - KJRI di Kuching,True,False,24,False,2.84,False,,,24,"The Consulate General of Indonesia in Kuching said Indonesian police received 200 reports of forest fires by September 7, identifying 138 individuals as suspects."
mimo_v1,mimo-v2.5,v1,430064,Lowyat,A Valorant Player Got Banned Because Of A 2nd Hand Ryzen 7 5800X3D,True,False,37,True,4.08,False,,,37,"A Valorant player was banned from the game due to a second-hand Ryzen 7 5800X3D CPU they purchased, not for cheating themselves. The ban on the German player's account was linked to the used hardware's previous history."
mimo_v1,mimo-v2.5,v1,420030,Malaymail,"Haze: 30 areas across Malaysia record unhealthy air quality, including Ipoh, PJ, Shah Alam and Kuching",True,False,32,True,2.72,False,,,32,"Thirty areas across Malaysia, including Ipoh, PJ, Shah Alam and Kuching, recorded unhealthy air quality readings as of September 17. Haze pushed the Air Pollutant Index into unhealthy levels in those areas."
mimo_v1,mimo-v2.5,v1,412074,Malaysiakini,"More Borneo seats needed, but Fadhli says adding 'Malay belt' constituencies more critical",True,False,30,False,3.09,False,,,30,"Sarawak politician Fadhli argues adding Malay belt constituencies is more critical than increasing Borneo seats, though analysis shows peninsula east coast seats suffer from over-representation rather than under-representation in Malaysia."
mimo_v1,mimo-v2.5,v1,423532,Sarawak Tribune,"Sarawakku Sayang targets 115,000 visitors in Betong",True,False,32,True,2.75,False,,,32,"The Sarawakku Sayang 2026 programme in Betong is targeting up to 115,000 visitors over its three-day run from Sept 25 to 27, with about 7,000 expected at the opening on Sept 26."
mimo_v1,mimo-v2.5,v1,421066,Sarawakedition,HUS catat sejarah terima pendermaan organ pertama daripada penderma beragama Islam,True,False,36,True,4.8,False,,,36,HUS in Sarawak recorded a milestone by receiving its first organ donation from an Islamic donor on 15 September. The grieving donor family chose to give hope and a chance at life to an organ recipient.
mimo_v1,mimo-v2.5,v1,404297,Telegram (@swbnews),The repair work is completed .,False,True,,,10.56,False,,,,
mimo_v1,mimo-v2.5,v1,418006,Berita RTM,“Segulai Sejalai” perkukuh semangat kebersamaan rakyat Malaysia,True,False,34,True,3.08,False,,,34,"In Kuching, Communications Minister Datuk Seri Fahmi Fadzil urged Malaysians to strengthen the Iban spirit of ""Segulai Sejalai,"" moving forward together to build a more prosperous, united nation respected at regional and international levels."
mimo_v1,mimo-v2.5,v1,413997,Bernama,"General : Communalism, Corruption Can Undermine Malaysia’s Future - Fahmi",True,False,27,False,6.48,False,,,27,"Fahmi warned that communalism and corruption could undermine Malaysia's future, urging the younger generation to understand the country's history and reject corruption while speaking in Kuching, Malaysia."
mimo_v1,mimo-v2.5,v1,415689,Buletin TV3,"SPR diminta segerakan persempadanan Parlimen Sabah, Sarawak – Fahmi",True,False,32,True,4.03,False,,,32,"Communications Minister Datuk Seri Fahmi Fadzil said the federal government will speed up the parliamentary boundary redelineation process for Sabah and Sarawak, and that the Election Commission has begun work on it."
mimo_v1,mimo-v2.5,v1,426794,Dayakdaily,Taiyo Yuden’s Sarawak expansion enters fourth phase with RM600 mln reinvestment,False,False,,,7.05,False,,,,
mimo_v1,mimo-v2.5,v1,431810,Freemalaysiatoday,"A-G flags weak execution, violations in Pan Borneo Highway project in Sabah",True,False,30,False,4.92,False,,,30,"The Auditor General flagged weak execution and violations in Sabah's Pan Borneo Highway project, saying RM513.99 million in variation orders exceeded limits and 19 packages began work before EIA approval."
mimo_v1,mimo-v2.5,v1,405881,Google News,PAS Sarawak: Freeze disputed electricity bills until probe is completed - DayakDaily,False,True,,,1.52,False,,,,
mimo_v1,mimo-v2.5,v1,427544,Hmetro,MMA cadang kembalikan Insentif Wilayah ikut peratusan,True,False,34,True,3.33,False,,,34,"The Malaysian Medical Association (MMA) urged the Malaysian government to bring back percentage-based Regional Incentive (BIW) payments to attract and retain doctors in Sabah and Sarawak, following reports that doctor absenteeism reached 76 percent."
